,day,size,250,out_250,500,out_500,1000,out_1000,2000,out_2000
0,2023-01-01 00:00:00,4,0.17043789399325524,0,0.1396710536432546,0,0.4310077234582124,0,0.20087741874830115,0
0,2023-01-02 00:00:00,1,0.09358588789309863,0,0.20651052403244563,0,-0.12575040628448164,0,0.2834028265520345,0
0,2023-01-03 00:00:00,4,0.26514817523539563,0,0.32755451540183994,0,0.4783859935430648,0,0.15787436925547182,0
0,2023-01-04 00:00:00,6,0.20383620683122394,0,0.25608643179351664,1,0.5224668198106839,0,0.07640353907253285,1
0,2023-01-05 00:00:00,13,0.15694780949728201,0,0.21723140741115407,0,0.3685167326097144,0,0.18555380269738658,0
0,2023-01-06 00:00:00,2,0.18171931542908576,0,0.16434342766178037,0,0.03606157035971219,0,0.0995082224168252,0
0,2023-01-07 00:00:00,9,0.29004186409480365,0,0.18685100134212815,0,0.45615408313400035,0,0.15530025259014268,1
0,2023-01-08 00:00:00,3,0.4379858244025882,0,0.10523658251015253,0,0.02777435760157016,1,0.03544888123424165,0
0,2023-01-09 00:00:00,10,0.09863807466069453,0,0.172998658913667,0,0.3912243658929058,0,0.14942145325220982,0
0,2023-01-10 00:00:00,8,0.16310498557937175,1,0.1388571605729168,0,0.26038629765058735,0,-0.1455586716368587,0
0,2023-01-11 00:00:00,35,0.21692318285921416,1,0.2560281713819785,1,0.18182899565169874,0,-0.09151285017883164,0
0,2023-01-12 00:00:00,35,0.19396662723467073,1,0.24704445096424912,0,0.3910901086919068,0,0.22955248082995938,0
0,2023-01-13 00:00:00,48,0.184719939424747,0,0.2466049624041552,0,0.44207456966612585,0,0.2858913920431728,0
0,2023-01-14 00:00:00,12,0.2326663918324123,0,0.26929587942698224,0,0.3737924232918929,1,0.21991394706007783,0
0,2023-01-15 00:00:00,3,0.037894036537904546,0,-0.02403018707628131,0,0.38101695613825515,1,-0.06270402911792274,0
0,2023-01-16 00:00:00,26,0.2153005435004013,0,0.20004486770105964,0,0.26600481804868403,2,-0.019476826025630254,2
0,2023-01-17 00:00:00,25,0.2152534442959884,0,0.15318057733437235,0,0.27527254307251725,0,-0.12459095321052488,0
0,2023-01-18 00:00:00,21,0.16557414222061828,1,0.17634378039798843,0,0.2561969319575242,0,-0.03050356358126546,0
0,2023-01-19 00:00:00,14,0.18744966371801433,0,0.0674117721757559,0,0.275264133408992,1,0.016431423787578954,0
0,2023-01-20 00:00:00,23,0.2090732087602015,1,0.23788578270390956,0,0.29725875907935545,0,-0.09813856764326306,0
0,2023-01-21 00:00:00,13,0.25546958985878493,0,0.25555032943093847,0,0.3745473898814539,0,-0.12408467623023728,1
0,2023-01-22 00:00:00,10,0.16422790298181988,0,0.17913056839812033,0,0.5060603184237776,0,-0.08969527172081632,0
0,2023-01-23 00:00:00,12,0.2465451751572602,0,0.14650137122612106,0,0.44047793297628357,0,-0.010123467524561685,1
0,2023-01-24 00:00:00,24,0.2487082423927028,0,0.17904866779084558,0,0.2876082925997918,0,-0.1842709264902642,0
0,2023-01-25 00:00:00,9,0.1790294487947028,0,0.1906846664398884,0,0.2763244015463564,0,-0.04113213123973017,0
0,2023-01-26 00:00:00,26,0.13987229474812723,0,0.12631549460824884,2,0.15364782144601644,1,0.024010591311891132,0
0,2023-01-27 00:00:00,3,0.2527770058389039,1,0.2823394131941696,0,0.43536911874672446,0,0.23722203388181742,0
0,2023-01-28 00:00:00,5,0.28105448714067777,0,0.36913049876471915,0,0.2892940123671005,0,0.12259129871176727,0
0,2023-01-29 00:00:00,4,0.05952950775107755,0,0.2910574221091435,0,0.5007590598063729,0,0.16649546770685314,0
0,2023-01-30 00:00:00,10,0.11958611837219377,0,0.16469713738690528,0,0.2792454681893856,0,0.03328199802763904,0
0,2023-01-31 00:00:00,24,0.17488985999646647,0,0.07751749069166716,0,0.21528913852260811,0,0.00792874968831613,1
0,2023-02-01 00:00:00,18,0.16216398026071016,0,0.0513751943691391,0,0.28325271090346804,0,-0.00657957067461375,0
0,2023-02-02 00:00:00,22,0.20765742606152202,0,0.21781134306186173,0,0.20050762589516535,1,-0.09415020262155481,0
0,2023-02-03 00:00:00,21,0.14565994692560535,0,0.08694910021833462,1,0.2174407682321642,1,0.046399128052485916,1
0,2023-02-04 00:00:00,18,0.17035143679032574,0,0.18378400351537583,0,0.3812921813209688,1,0.23613469878766563,0
0,2023-02-05 00:00:00,7,0.18743587830976963,0,0.2797846198750373,0,0.47748697280276237,0,0.19037124317588844,0
0,2023-02-06 00:00:00,32,0.15690457309173833,0,0.13486559634673836,1,0.2746884689493729,0,0.08318349817632983,0
0,2023-02-07 00:00:00,34,0.1564570672476091,0,0.1719274740350286,1,0.27887494896204695,0,0.09602142542039284,0
0,2023-02-08 00:00:00,11,0.2095111411292375,0,0.15497600220001193,0,0.28376491908239765,0,0.0719875816048735,0
0,2023-02-09 00:00:00,7,0.2200648854073536,0,0.10153957327849167,0,0.3502609928890318,1,-0.1966324728279272,0
0,2023-02-10 00:00:00,7,0.219710320039489,0,0.27454324914349465,0,0.18769337550794296,0,-0.25022015528251407,0
0,2023-02-11 00:00:00,2,0.029665240125528822,0,0.18915972723872473,0,0.7570955743857463,0,-0.07949877197569667,0
0,2023-02-12 00:00:00,7,0.057218278083526475,0,0.1807802273722938,0,0.4847101047337218,0,0.09846210021101282,0
0,2023-02-13 00:00:00,52,0.16903896503533694,1,0.13626212748714206,0,0.2958252188051719,0,0.11026902500931715,1
0,2023-02-14 00:00:00,7,0.2777610101091458,0,0.15188680339763502,0,0.3360593751469446,0,0.13672395356417025,0
0,2023-02-15 00:00:00,16,0.15899073562160032,0,0.05076062221575874,0,0.28684987349131197,0,0.00651715542286389,0
0,2023-02-16 00:00:00,13,0.19322694995060002,0,0.07579799133385717,0,0.21175579696428934,0,-0.1089387364370047,0
0,2023-02-17 00:00:00,8,0.17797398200194373,0,0.23184448576354674,0,0.35245532485592745,0,0.162184388702134,0
0,2023-02-18 00:00:00,9,0.19509666516703011,0,0.21138548615178773,0,0.5335571203527507,0,0.11709151580907502,0
0,2023-02-19 00:00:00,9,0.16844068938688883,0,0.05653871277452774,0,0.25899088790903574,0,0.08592523731659835,1
0,2023-02-20 00:00:00,24,0.23575204695213886,0,0.40189523839293073,2,0.24888590851859094,0,-0.15739407003937073,0
0,2023-02-21 00:00:00,18,0.1840380168800963,0,0.08044441592883636,0,0.2610849112499744,0,0.06623934454604867,0
0,2023-02-22 00:00:00,22,0.2145175657242001,0,0.1530454412681316,1,0.359103776328722,1,0.03836862098008876,0
0,2023-02-23 00:00:00,3,-0.06804159478595288,0,-0.10635136710299002,0,0.28900780332615883,0,0.13580134698021917,0
0,2023-02-24 00:00:00,4,0.10859112424765545,0,0.18586480718574547,0,0.15887166223623866,0,0.11592378359100773,1
0,2023-02-25 00:00:00,5,0.24733103732718356,0,0.19674979339553245,0,0.5957989207022123,0,0.31886143171055026,0
0,2023-02-26 00:00:00,15,0.12073743252502069,0,0.18122116051207687,0,0.39235320939021845,0,-0.17007008997742934,0
0,2023-02-27 00:00:00,8,0.23839433735385032,0,0.10700026194935522,0,0.3722088076141773,0,0.13000551789952566,0
0,2023-02-28 00:00:00,46,0.20377589384530423,0,0.25251570437653387,0,0.35974003920216024,0,0.25664666554560966,0
0,2023-03-01 00:00:00,46,0.2213978843580282,0,0.1853980738675943,0,0.3781220428623016,0,0.22831115175912042,0
0,2023-03-02 00:00:00,25,0.18240198267794758,0,0.022674061979978895,0,0.25641644373711275,2,0.029255881533873436,0
0,2023-03-03 00:00:00,16,0.17359573126981923,0,0.14308252041754724,1,0.3620400095218126,0,0.10016608587233808,0
0,2023-03-04 00:00:00,6,0.24353381096022206,0,0.2934935975200469,0,0.5274197074421093,0,0.17045851470641588,0
0,2023-03-05 00:00:00,9,0.11678906624795796,0,0.295795320766434,0,0.5212519455958396,0,0.33572520652198395,0
0,2023-03-06 00:00:00,18,0.19030832006888207,0,0.19437576770069356,0,0.34267261065267374,0,0.31343332983132915,0
0,2023-03-07 00:00:00,35,0.22492311307861954,0,0.2770674404482286,0,0.46710163006404964,0,0.3649180041445399,0
0,2023-03-08 00:00:00,63,0.1541890579271394,0,0.22567719003022038,1,0.4104308936909619,0,0.3472376602181863,0
0,2023-03-09 00:00:00,77,0.21098517932174995,2,0.32658090002239437,0,0.5060907331873917,0,0.4232663789593086,0
0,2023-03-10 00:00:00,44,0.2215116490314515,0,0.2311468774862914,0,0.4732269985646842,0,0.28521407187980424,1
0,2023-03-11 00:00:00,8,0.13349780269220093,0,0.13041970497730995,0,0.41558774275064664,1,0.11176861927802502,0
0,2023-03-12 00:00:00,98,0.1460230198206774,0,0.2806842978029694,0,0.4432278459147352,0,0.4310097558218541,1
0,2023-03-13 00:00:00,59,-0.010910497668031463,0,0.024014671479851053,0,0.16554006146808942,0,0.014484598716584342,0
0,2023-03-14 00:00:00,36,0.26254647700351735,1,0.2092259152524359,0,0.298965839562378,0,0.16460894201287837,1
0,2023-03-15 00:00:00,79,0.17190508504479568,0,0.18705049861538967,0,0.3841230204851021,0,0.33388617021900424,0
0,2023-03-16 00:00:00,79,0.1598712726532636,0,0.19112373431293975,3,0.33575261347338325,1,0.20061633299288836,1
0,2023-03-17 00:00:00,31,0.22130875936742725,0,0.30059218582442393,0,0.4932681912020631,1,0.2927111755281092,0
0,2023-03-18 00:00:00,45,0.22235792640287932,0,0.35203219293682353,0,0.47206179084472755,0,0.3983860804520374,0
0,2023-03-19 00:00:00,35,0.15968513650687202,0,0.3039639168387266,1,0.4422276130453647,0,0.4473568613290109,0
0,2023-03-20 00:00:00,20,0.15587437663698464,0,0.2172998406208804,0,0.3928372603808886,0,0.201758733381851,0
0,2023-03-21 00:00:00,79,0.19397952213952047,1,0.27376933909852336,0,0.459199479999687,0,0.45983323443099505,0
0,2023-03-22 00:00:00,72,0.18699353517757142,1,0.24638827806536337,0,0.4332490979095451,0,0.366573953398955,0
0,2023-03-23 00:00:00,187,0.15175980245928106,0,0.260387001110612,0,0.41107198578199083,0,0.36871972339149606,0
0,2023-03-24 00:00:00,33,0.12228748831647786,0,-0.007622560110476462,0,0.19825887826334654,0,-0.0021825922900500128,0
0,2023-03-25 00:00:00,73,0.23234264202485336,0,0.32510478660500025,0,0.5065214030796399,0,0.5504729575669853,1
0,2023-03-26 00:00:00,56,0.09817413040147832,0,0.17449061491598053,0,0.48503805318455356,2,0.16148641677463357,1
0,2023-03-27 00:00:00,46,0.20556937465341624,0,0.3090242860319589,0,0.4406332797177098,0,0.27866767034273127,0
0,2023-03-28 00:00:00,31,0.19549943747915186,0,0.2752696278542567,0,0.47729639085058395,0,0.36028049473532264,0
0,2023-03-29 00:00:00,31,0.1650700668257144,0,0.2741752921403676,0,0.4100603989507161,0,0.3610412741828351,0
0,2023-03-30 00:00:00,96,0.10726304324698846,1,0.2306203211318482,1,0.4191646418636066,1,0.4148662519430561,0
0,2023-05-02 00:00:00,12,0.2375236093544126,0,0.3152837467519523,0,0.4325666385041592,0,0.3445048344209357,0
0,2023-05-03 00:00:00,111,0.09180873948859904,0,0.19600398140233197,2,0.4066544949010279,1,0.35004461247887453,0
0,2023-05-04 00:00:00,82,0.11056973626743387,0,0.17430532589236358,0,0.3962586588854226,0,0.335780879589088,0
0,2023-05-05 00:00:00,38,0.10508082717124322,0,0.23254124380089208,0,0.399469799610974,0,0.39154154708788114,0
0,2023-05-06 00:00:00,11,0.2396953884029475,0,0.3343707430651969,0,0.4750058439242002,0,0.46203289268469233,0
0,2023-05-07 00:00:00,83,0.23972861888584165,1,0.24579394056660261,0,0.4578569202278182,0,0.42416670069196155,0
0,2023-05-08 00:00:00,64,0.19219262605041978,1,0.17309520215545504,0,0.4093636501927351,0,0.25444570511562203,0
0,2023-05-09 00:00:00,184,0.15431564021707278,2,0.17486540945839502,4,0.38277583757381195,2,0.3023277996241984,1
0,2023-05-10 00:00:00,42,0.15338270656015213,0,0.16636493181619066,0,0.2985258117860192,1,0.17061059373883272,0
0,2023-05-11 00:00:00,31,0.12704285866746745,0,0.04794790671354849,0,0.26171359796753646,1,0.034428301580306284,0
0,2023-05-12 00:00:00,110,0.18881851028617522,0,0.24897658739528766,0,0.4372330624520745,1,0.35476922602476607,0
0,2023-05-13 00:00:00,87,0.12510783499798933,0,0.2574873448333664,0,0.4460043781700765,0,0.4144847948993343,0
0,2023-05-14 00:00:00,160,0.1387707578999579,3,0.21634901981876903,0,0.41197213373124647,1,0.3712965255171201,0
0,2023-05-15 00:00:00,127,0.047249207926408146,1,0.08315073756000364,1,0.3254803006914425,1,0.1199569101492299,2
0,2023-05-16 00:00:00,209,-0.6541063562207274,4,-0.06579722706253655,5,-0.1083045622264943,3,-1.264448152549453,3
0,2023-05-17 00:00:00,183,0.08521398747670694,26,0.16214708761663715,5,0.36130240982721745,3,0.20506353074878572,3
0,2023-05-18 00:00:00,104,0.15303197033141444,1,0.13397695198132475,0,0.34111730269439283,1,0.30288484974559654,0
0,2023-05-23 00:00:00,46,0.23607331457695147,0,0.14897171391986228,0,0.45075547418190426,0,0.22444155061411097,0
0,2023-05-24 00:00:00,34,0.17861661908187543,0,0.10137167889248887,0,0.3019700580066951,0,0.07458720650098882,0
0,2023-05-25 00:00:00,32,0.20424008772764793,0,0.2207888443327118,0,0.41138017410395644,0,0.23725814702284298,0
0,2023-05-26 00:00:00,126,0.1826585226313904,0,0.2384801272582927,0,0.4224950405942823,0,0.3762945782326416,0
0,2023-05-27 00:00:00,120,0.18162087332425686,0,0.21717394527650347,0,0.4721289428296219,1,0.4128010917291635,0
0,2023-05-28 00:00:00,122,0.21943970161575327,0,0.25163354931660076,1,0.4902266783720878,0,0.4421568717418758,1
0,2023-05-29 00:00:00,42,0.2660576222860517,1,0.20409853047021936,1,0.432041216073282,0,0.127962809533749,0
0,2023-05-30 00:00:00,41,0.24695252409354862,0,0.20369430611700806,0,0.41899680526001176,1,0.141982610004844,0
0,2023-05-31 00:00:00,30,0.23467832452707332,0,0.24739886122024296,1,0.49125075962739173,0,0.26210621549645813,0
0,2023-06-01 00:00:00,187,0.21316360068860457,1,0.2359195178912244,0,0.4600244109173653,0,0.39331903802122903,1
0,2023-06-02 00:00:00,162,0.25234988118411117,1,0.2822653920071393,1,0.48027301499181296,2,0.40524662712371834,2
0,2023-06-03 00:00:00,16,0.31318523461507586,0,0.3164948825848853,0,0.5158769390342822,0,0.2179209015382555,0
0,2023-06-04 00:00:00,55,0.20501376113787195,0,0.22062136124906373,0,0.44597208897419804,1,0.3341909418437349,0
0,2023-06-05 00:00:00,81,0.2915279126139688,0,0.33845710545137675,0,0.4834804629553835,0,0.40573799122866494,0
0,2023-06-06 00:00:00,149,0.2426521370888815,0,0.28476414119767457,2,0.4755744092868127,2,0.3998071273639957,0
0,2023-06-07 00:00:00,87,0.24295801807900358,0,0.29239660016297225,0,0.4849193408038938,0,0.3444107808328472,0
0,2023-06-08 00:00:00,61,0.2262880426125214,1,0.30883359808475236,1,0.4878803363063764,1,0.39657698928737256,1
0,2023-06-09 00:00:00,77,0.2430763558215558,1,0.2778446287847862,0,0.4992018435322985,0,0.3758985385020299,0
0,2023-06-10 00:00:00,129,-0.061147795309570686,3,0.0015741681363527376,2,-0.5214778123729084,3,-0.7249197855287257,1
0,2023-06-11 00:00:00,107,-0.011676638616516516,10,0.204014833765471,18,0.32445058920721653,1,0.27947284232694003,2
0,2023-06-12 00:00:00,139,0.2221546057325846,1,0.2851793448333062,0,0.48550826104658285,0,0.41961941123838387,0
0,2023-06-13 00:00:00,187,0.23587313798551784,0,0.28606013938152036,1,0.4990157007706146,0,0.42168850763708565,0
0,2023-06-14 00:00:00,96,0.2506776017574965,0,0.2903597608396222,0,0.5022126083590276,0,0.4139908615146172,0
0,2023-06-15 00:00:00,167,0.22217139964695193,0,0.28794720700297294,0,0.5009964785250824,0,0.40397178207085904,0
0,2023-06-16 00:00:00,23,0.19808273924660733,0,0.23010590249124455,0,0.49283607898178644,0,0.3357166973421899,0
0,2023-06-17 00:00:00,123,0.2532447386401438,0,0.3136985644428028,0,0.49903669234607406,0,0.43246716263361507,2
0,2023-06-18 00:00:00,30,0.2760799573542983,0,0.20242656335519235,0,0.5027626247416468,1,0.12704441094246074,0
0,2023-06-19 00:00:00,40,0.25788543827517585,0,0.178591627462651,1,0.4125388253579735,0,0.11470320630321224,1
0,2023-06-20 00:00:00,38,0.20108634386724814,0,0.12851701411981759,1,0.37373069571492895,0,0.08731141549714505,0
0,2023-06-21 00:00:00,101,0.26009670074668767,0,0.3000095449075753,0,0.4599923929561137,0,0.3793436877128132,0
0,2023-06-22 00:00:00,190,0.2493656680929363,1,0.28888936877758536,2,0.4910474449159143,3,0.36968297984528165,0
0,2023-06-23 00:00:00,154,0.31021604490980315,0,0.3494894802237168,1,0.5027526736452009,0,0.4170868122955026,0
0,2023-06-24 00:00:00,132,0.2660821137762534,0,0.31015382340860137,1,0.47045254939294606,0,0.40739177250058467,1
0,2023-06-25 00:00:00,89,0.24823250353814977,1,0.2737375201299444,0,0.4946903947437663,0,0.4389471906005576,0
0,2023-06-26 00:00:00,211,0.1954901815916108,0,0.2479501925452393,3,0.475923951010158,1,0.4037089889490597,0
0,2023-06-27 00:00:00,205,0.22305557368151074,1,0.2660031388760712,0,0.4875209870178711,0,0.3934114764670428,0
0,2023-06-28 00:00:00,126,0.21362619874225436,1,0.23300819869260675,1,0.4737130673167771,1,0.33810395632712165,0
0,2023-06-29 00:00:00,126,0.28682344286242395,2,0.2860256003202934,0,0.4917247531315556,1,0.356807972440348,1
0,2023-06-30 00:00:00,76,0.22230547759877295,0,0.2848779716454114,0,0.49694530087807093,0,0.30021907149900784,1
0,2023-07-01 00:00:00,11,2.256170769829689,0,3.1677915549997735,0,5.707643243656348,0,6.01693143330893,0
0,2023-07-02 00:00:00,44,0.29692626114019427,0,0.3948469467532782,0,0.5734046598192067,0,0.43363359542534835,0
0,2023-07-03 00:00:00,15,0.3278690686449677,0,0.25759545887612756,0,0.3875650908632636,0,0.29599014050999084,0
0,2023-07-04 00:00:00,88,0.2462642862127163,0,0.3106696103027717,1,0.4820337829755111,1,0.3723824539513673,0
0,2023-07-05 00:00:00,151,0.2793410364793823,3,0.31135492450938024,2,0.523410828022964,0,0.41016645289097464,0
0,2023-07-06 00:00:00,166,0.2632973788941967,0,0.26492751066827275,0,0.5139998875777309,0,0.34975555410072706,1
0,2023-07-07 00:00:00,80,0.28760375823842993,0,0.3384089705482858,0,0.5244798948278809,0,0.3509111774943923,0
0,2023-07-08 00:00:00,48,0.2993975813508098,0,0.33847167110905513,1,0.5480421869527913,1,0.37906503926216595,0
0,2023-07-09 00:00:00,133,0.2628707870121756,0,0.3098145259873841,0,0.5127562807105714,0,0.4380840638984432,1
0,2023-07-10 00:00:00,29,0.27605524173621165,0,0.30875471631241197,0,0.5195423367339691,0,0.30400844791013104,0
0,2023-07-11 00:00:00,116,0.2502059496869605,0,0.2971252737993061,0,0.49984412312520576,0,0.3912616117537229,0
0,2023-07-12 00:00:00,129,0.22987620020926125,0,0.2826297588628956,0,0.4943455972726638,1,0.30448711242065,0
0,2023-07-13 00:00:00,79,0.2582561407183684,0,0.3083784494079708,1,0.48286922020241557,0,0.33334775980690073,0
0,2023-07-14 00:00:00,29,0.28088473502487304,0,0.31685579608381,0,0.49955088899005046,0,0.30751827340817023,0
0,2023-07-15 00:00:00,34,0.15711131316695787,2,0.28126063060020096,0,0.4664890515796328,0,0.271190334282748,0
0,2023-07-16 00:00:00,105,0.18828589265856627,2,0.24924611871773053,2,0.5213784190213475,0,0.4101136315412757,1
0,2023-07-17 00:00:00,17,0.1931953155238661,1,0.23837576486127018,0,0.4610240521380614,1,0.29509883893869165,0
0,2023-07-18 00:00:00,47,0.30068640095114857,0,0.24259314421476139,1,0.453487819252556,1,0.13171637637242295,0
0,2023-07-19 00:00:00,71,0.3089925199131847,0,0.3242452115508984,0,0.5108751396240456,0,0.41044344443161923,0
0,2023-07-20 00:00:00,122,0.323132695517145,0,0.34679154709164955,0,0.5278215166116041,1,0.4321151121118858,0
0,2023-07-21 00:00:00,158,0.29838492430335506,0,0.38368324221013606,0,0.5288224296004193,0,0.434826787131211,1
0,2023-07-22 00:00:00,186,0.2684541552376327,0,0.3241773539839563,1,0.5165536627533871,0,0.4294157470094974,2
0,2023-07-23 00:00:00,191,0.24290928756909141,0,0.3043030232203239,0,0.49637203205330016,0,0.41874371547041406,0
0,2023-07-24 00:00:00,177,0.2337346418240147,0,0.28243465775679,1,0.4673521743868048,0,0.3444505092558113,0
0,2023-07-25 00:00:00,169,0.2795789370533119,0,0.3167575558155274,0,0.5036220533647582,1,0.3620694152283399,0
0,2023-07-26 00:00:00,84,0.26879284743279297,0,0.2976956374367946,2,0.4676748145344215,1,0.33120347739911987,0
0,2023-07-27 00:00:00,102,0.3044151598346975,1,0.3236888227549211,2,0.49615961717460955,2,0.363079635338569,3
0,2023-07-28 00:00:00,47,0.31192531976121673,0,0.3148643054252526,0,0.521480944326706,0,0.39581593690362993,0
0,2023-07-29 00:00:00,156,0.30311459202499097,0,0.33841206482889696,1,0.5298785616916136,0,0.44683277479080047,5
0,2023-07-30 00:00:00,142,0.31020870147839097,0,0.32146956306062857,0,0.5459887130796003,1,0.3934511116016245,0
0,2023-07-31 00:00:00,34,0.2854025549645626,0,0.2902278575676814,0,0.5685224021039176,0,0.3952522157704993,0
0,2023-08-01 00:00:00,83,0.32978598108047996,0,0.353434670018195,1,0.548733026298027,0,0.4116639718175041,1
0,2023-08-02 00:00:00,188,0.30385636799816157,0,0.3278944216249017,0,0.5048898131143602,0,0.3980440942233083,0
0,2023-08-03 00:00:00,149,0.21309193450586156,0,0.27939527438310013,0,0.5034146661609572,0,0.3621465339774039,2
0,2023-08-04 00:00:00,101,0.2934362870405806,2,0.32013923581006526,2,0.5666427566332115,0,0.3598602889204941,1
0,2023-08-05 00:00:00,127,0.1428489200953531,11,0.37746511601229593,15,0.671341246192922,13,1.2503950465977125,0
0,2023-08-06 00:00:00,30,0.11159029336672742,0,0.31172662878249874,0,0.45369452462730364,0,0.3245226698226501,0
0,2023-08-07 00:00:00,55,0.22097194694214956,0,0.28820758727328855,0,0.498438997798479,0,0.2998956740737972,0
0,2023-08-08 00:00:00,74,0.1272267690960857,0,0.29395598283281416,1,0.4116632063064765,1,0.28832132894971313,0
0,2023-08-09 00:00:00,156,0.2237464551641428,0,0.2562752298682515,1,0.4420859089519064,0,0.3127527331486552,0
0,2023-08-10 00:00:00,128,0.26706653751153336,0,0.29266775011459467,0,0.5233127598344477,0,0.39625346504696657,0
0,2023-08-11 00:00:00,91,0.29811779547068895,0,0.317308411507996,0,0.5385224195064939,0,0.38400136256611217,0
0,2023-08-12 00:00:00,33,0.3148544594254037,0,0.35269562212370437,1,0.5449631910741093,0,0.43878614327918986,0
0,2023-08-13 00:00:00,65,0.30539023572239565,0,0.40281650389967544,1,0.588954116966382,1,0.3948111749418966,1
0,2023-08-14 00:00:00,120,0.31498883326621296,0,0.3642105615708635,0,0.5262842368725738,0,0.3738154618162605,0
0,2023-08-15 00:00:00,181,0.29342370991325895,0,0.3502875208097272,0,0.5361535021554625,0,0.36843488626137616,2
0,2023-08-16 00:00:00,100,0.2294546688097434,0,0.23076681793951917,2,0.46191052151633155,0,0.30668800114344585,0
0,2023-08-17 00:00:00,238,0.2427208514748204,2,0.25464849723335153,0,0.4444343543421243,0,0.25490827805234595,0
0,2023-08-18 00:00:00,18,0.3323040314838564,0,0.3633080317994463,0,0.577502562825517,1,0.36678059795669665,0
0,2023-08-19 00:00:00,107,0.2914396871230511,0,0.3435308198757646,0,0.507800009339372,0,0.42074703517697765,0
0,2023-08-20 00:00:00,12,0.19476147047926046,0,0.28369038276024405,0,0.4878431185831927,0,0.22398976706559645,1
0,2023-08-21 00:00:00,75,0.2628086358295344,0,0.30742007460061815,0,0.5105599833708204,0,0.3524058628759377,0
0,2023-08-22 00:00:00,168,0.24543874258840698,0,0.2954414552549475,0,0.4681966665151745,0,0.36210169431344563,2
0,2023-08-23 00:00:00,120,0.26550799419640736,0,0.31145824763181124,0,0.5187071781020965,0,0.36584904084634773,1
0,2023-08-24 00:00:00,72,0.24558325260528338,0,0.2890192919896223,1,0.5023795743251183,0,0.3478529029911954,0
0,2023-08-25 00:00:00,100,0.2595670789596554,0,0.30821455846439666,0,0.5275605751791461,0,0.3996678387435655,0
0,2023-08-26 00:00:00,136,0.252035663328704,0,0.3052282510198245,0,0.5176366983251376,2,0.37649622903678215,0
0,2023-08-27 00:00:00,56,0.28431038856488616,0,0.31277731624233474,1,0.4939612491082669,0,0.40669619681965014,0
0,2023-08-28 00:00:00,37,0.25391834766648186,0,0.16098492760902025,0,0.45901209063241144,1,0.09637605044949034,0
0,2023-08-29 00:00:00,97,0.3112222667403031,1,0.36411877100869994,0,0.5506636609382791,0,0.3958678465864438,3
0,2023-08-30 00:00:00,193,0.2357156525224028,0,0.2661486456732392,1,0.44160478859605945,0,0.2757339731973038,0
0,2023-08-31 00:00:00,164,0.20303748365600796,0,0.22988155908489383,2,0.43231209774272333,0,0.29496422817182644,0
0,2023-09-01 00:00:00,83,0.22249000370121594,0,0.3069530758154707,0,0.49103735555783706,0,0.28916389639055207,0
0,2023-09-02 00:00:00,70,0.30261395112753453,1,0.3302188775861483,0,0.5319394804156843,0,0.41722040698486135,0
0,2023-09-03 00:00:00,39,0.3213593423191397,0,0.35379790338065165,0,0.5518340099195305,0,0.3942685477041737,2
0,2023-09-04 00:00:00,70,0.31545004837815427,0,0.3008963002422631,0,0.41864706753926295,2,0.1717988696852543,0
0,2023-09-05 00:00:00,36,0.22058632202279682,0,0.05250261741308119,1,-0.4422570438833422,0,0.8574900269949594,0
0,2023-09-06 00:00:00,29,0.15020906633882,0,0.12927041358974672,1,0.28622774421112424,0,0.0787945704308141,0
0,2023-09-07 00:00:00,41,0.2662239299967729,0,0.25109943183821526,0,0.3052425891570287,1,0.042966546757097795,0
0,2023-09-08 00:00:00,143,0.31818865591953416,0,0.345877928262968,0,0.5027013659856212,0,0.3838502139039109,0
0,2023-09-09 00:00:00,42,0.2396099886669849,0,0.3297264623755135,1,0.4691872124728076,0,0.34367997623340024,0
0,2023-09-10 00:00:00,22,0.2147025546455658,1,0.3114268362235979,0,0.5154636385683553,0,0.3577718582162817,0
0,2023-09-11 00:00:00,157,0.23748112913919558,0,0.2956746217547083,0,0.4819840272341996,0,0.3470169294055494,0
0,2023-09-12 00:00:00,91,0.1735268839755869,0,0.24498896874652054,0,0.4131307098067225,0,0.21802221276197953,0
0,2023-09-13 00:00:00,26,0.2520274835055468,1,0.21803877262086868,0,0.3775773907560954,0,0.10808967572539963,0
0,2023-09-18 00:00:00,115,0.30922823968109897,0,0.3268689181185959,0,0.4665352404145222,0,0.40477031725963064,0
0,2023-09-19 00:00:00,108,0.2214401651822804,0,0.2533525615835105,0,0.4508339046242771,1,0.3444865188777763,0
0,2023-09-20 00:00:00,85,0.33786313942279994,0,0.3484456517328328,0,0.48537634399602764,0,0.29909652101005046,0
0,2023-09-21 00:00:00,48,0.30866298505072853,0,0.31369058274841666,0,0.3798683429249391,1,0.18723955255595984,0
0,2023-09-22 00:00:00,36,0.3032935275851625,0,0.3477807689956833,0,0.5006353997194313,0,0.31647469152546137,0
0,2023-09-23 00:00:00,29,0.32849886577916815,0,0.4121792472577475,0,0.4339804761862395,0,0.17196157421526595,0
0,2023-09-24 00:00:00,18,0.3641793662536375,1,0.4107610556883114,0,0.5197702197487782,0,0.38526697083360917,0
0,2023-09-25 00:00:00,94,0.31693768430839064,0,0.31391696737290975,0,0.508504034186277,1,0.3934205632866772,0
0,2023-09-26 00:00:00,105,0.3264615373879954,1,0.33958540762796297,0,0.49033759046479924,0,0.3428783145970603,0
0,2023-09-27 00:00:00,73,0.30118595898379374,0,0.3019204328814494,0,0.44699817216472393,1,0.34989300551249236,1
0,2023-09-28 00:00:00,79,0.2514620452340667,0,0.25089069348137055,0,0.4436711317587712,1,0.2270039148154037,0
0,2023-09-29 00:00:00,102,0.3183364412058686,0,0.3028012376999753,0,0.4616894080162185,0,0.2878999078568502,0
0,2023-09-30 00:00:00,68,0.325847897394146,1,0.31437462234244273,0,0.561463034044445,0,0.38646983215608455,0
0,2023-10-01 00:00:00,55,0.2905544283291052,0,0.33697476955186567,1,0.5057527635805571,0,0.41854813861641865,0
0,2023-10-02 00:00:00,119,0.3396095157038376,0,0.3511743321038204,0,0.5083345062085329,0,0.35097966641797185,1
0,2023-10-03 00:00:00,81,0.31906343427251566,0,0.26374060687366,0,0.396543037055673,0,0.2190998282364677,0
0,2023-10-04 00:00:00,127,0.2873771366873538,0,0.31832905152196106,1,0.5013284715738503,0,0.417620557977525,0
0,2023-10-05 00:00:00,26,0.31380626523254207,0,0.3799224583500014,0,0.5829086054434737,0,0.41306706451123365,0
0,2023-10-06 00:00:00,55,0.25176048761336056,0,0.3169849349733274,0,0.472431451355332,1,0.21501609400897065,0
0,2023-10-07 00:00:00,11,0.345937642613706,0,0.24240005084534647,1,0.3119890505160349,0,0.06819547243500329,0
0,2023-10-08 00:00:00,20,0.2943819797290987,0,0.33638934724888,1,0.5534824025462307,0,0.27949065642590665,1
0,2023-10-09 00:00:00,75,0.3414903089140974,0,0.3637578460345882,0,0.5121263216236993,0,0.44402911258802025,0
0,2023-10-10 00:00:00,33,0.23766670393801845,0,0.21565429120629623,0,0.38040776453658387,0,0.062105782308222696,0
0,2023-10-11 00:00:00,50,0.2949512280790977,1,0.2703541680479906,1,0.4183638429626414,0,0.16143502598952214,0
0,2023-10-12 00:00:00,124,0.2786443409586484,0,0.310103312603762,0,0.49163880847763564,0,0.3193922536926201,0
0,2023-10-13 00:00:00,67,0.296674311501541,0,0.3125041309286187,0,0.4989892928983051,0,0.36662103426152454,0
0,2023-10-14 00:00:00,26,0.2879288390449803,0,0.38125436415451547,1,0.37394584460091657,1,0.32061631472678626,0
0,2023-10-15 00:00:00,70,0.29157431804636047,0,0.3429472200034736,2,0.5185565952504358,0,0.4279273083416218,3
0,2023-10-16 00:00:00,104,0.34410881130127724,0,0.36951741185885223,0,0.5168206468555195,0,0.3519460441009918,0
0,2023-10-17 00:00:00,125,0.3154440468012329,0,0.38237800031006786,0,0.4674804449830881,1,0.30435377993941837,0
0,2023-10-18 00:00:00,68,0.3207967771383104,0,0.326023356339482,0,0.5263387772685549,0,0.40108970048099246,1
0,2023-10-19 00:00:00,80,0.27132185402328557,0,0.3106858983244202,0,0.514902934027478,1,0.3315312972671774,0
0,2023-10-20 00:00:00,31,0.28908122651037466,1,0.23932798201513655,1,0.499685143597977,0,0.2789218101547738,1
0,2023-10-21 00:00:00,55,0.3672256352302183,1,0.3917968615361037,0,0.5520345435815461,0,0.3996693387227406,0
0,2023-10-22 00:00:00,96,0.30803694432618073,0,0.3877016682301612,0,0.5107927045257775,1,0.44529044877072904,0
0,2023-10-23 00:00:00,89,0.3024594455643026,0,0.2732538090512717,1,0.43008810006723935,0,0.1894888652744505,0
0,2023-10-24 00:00:00,100,0.29461151744712716,0,0.3111766897935917,0,0.48464874996199375,0,0.3732178448814925,0
0,2023-10-25 00:00:00,104,0.29367700700041083,0,0.3374287429715944,0,0.511205779995166,0,0.39383585122852316,0
0,2023-10-26 00:00:00,39,0.2918259997437459,0,0.321475272149617,0,0.5471437901783862,0,0.38159932791848183,0
0,2023-10-27 00:00:00,42,0.22442462994361984,0,0.2866102541712189,0,0.5173359022792396,1,0.3717877786483499,1
0,2023-10-28 00:00:00,16,0.2958460898415459,1,0.2189397716388317,0,0.36213114805081315,1,0.14411995598744987,0
0,2023-10-29 00:00:00,5,0.3695469156199364,0,0.4358153676616755,0,0.6546396602883402,0,0.20824738838541118,0
0,2023-10-30 00:00:00,28,0.2671623926083783,0,0.24284176758261014,0,0.3909757636729209,0,0.2165387888089729,0
0,2023-11-01 00:00:00,47,0.26735492125034566,0,0.2789949306681694,1,0.4565103542545871,0,0.3510115596451687,0
0,2023-11-02 00:00:00,65,0.30273135497711434,1,0.30905686004033983,0,0.5009257355705007,0,0.3673177278300476,0
0,2023-11-03 00:00:00,113,0.2616772773288903,0,0.3592284419641702,1,0.4722545937609417,0,0.37051922226240447,0
0,2023-11-04 00:00:00,5,0.3252338269108265,0,0.24457168537630342,0,0.4209782058125078,0,0.29016218862393545,1
0,2023-11-05 00:00:00,36,0.31071389657686116,0,0.4161658589752286,0,0.601396983257756,0,0.5598190071956062,1
0,2023-11-06 00:00:00,126,0.17270052319617996,0,0.2055948492473412,0,0.368922355783874,1,0.30170391850280587,0
0,2023-11-07 00:00:00,125,0.31418986327139414,1,0.3687765690605248,1,0.5052081864528705,0,0.4000748441679284,0
0,2023-11-08 00:00:00,47,0.2862260283224288,0,0.2681037301551107,1,0.494831259467662,1,0.19332553152505938,0
0,2023-11-09 00:00:00,82,0.26404015431028277,0,0.2580703213921544,0,0.41708161036792596,0,0.3276016600174284,0
0,2023-11-10 00:00:00,47,0.2848514163878688,0,0.2906920786042228,1,0.4999925885692934,0,0.3288139686111522,1
0,2023-11-11 00:00:00,39,0.28370322379788554,0,0.3775411433500973,2,0.46367165369920676,0,0.3341452285920153,0
0,2023-11-12 00:00:00,51,0.2736275870135801,0,0.438421041644633,0,0.5552916669151706,1,0.5677871308369883,0
0,2023-11-13 00:00:00,65,0.33009156602321826,0,0.4075978971505349,0,0.5511163148936066,0,0.4076040793208147,0
0,2023-11-14 00:00:00,59,0.32349290899745586,1,0.29372614074082204,1,0.4698166083377518,0,0.2150050597353839,1
0,2023-11-15 00:00:00,86,0.30560557922327025,0,0.345948246419342,1,0.4728465109358645,0,0.384178025877505,1
0,2023-11-16 00:00:00,78,0.2784094846877399,0,0.30028512173689215,0,0.4637529614371547,0,0.4126581580591145,0
0,2023-11-17 00:00:00,454,-0.11986917104615515,28,-0.2868879414641468,31,0.013077536244548632,30,-0.0814778349605872,0
0,2023-11-18 00:00:00,852,-0.02136700800147546,58,-0.20994603632943168,17,-0.13933209948050337,1,0.4972004528206197,0
0,2023-11-19 00:00:00,890,-0.04069591746700503,1,-0.06916038952117824,1,0.06801481136717664,0,-0.1535101149064225,1
0,2023-11-20 00:00:00,855,-0.03703487779545532,1,-0.04771317237172168,1,0.08039510892375838,0,-0.14314916852301932,3
0,2023-11-21 00:00:00,761,-0.09871390899080561,1,-0.13600208821744375,2,0.0031376292979259104,0,-0.1744265382291945,1
0,2023-11-22 00:00:00,989,-0.09980281804603766,0,-0.14272776195624534,7,0.017437092371068625,2,-0.1732001449230896,1
0,2023-11-23 00:00:00,906,-0.1514312079449886,1,-0.25203381687167004,7,0.026230810532367487,15,-0.17082701369077785,0
0,2023-11-24 00:00:00,907,-0.017982250014560726,1,-0.057647295726293235,0,0.11753527863156123,2,-0.11678109856865358,0
0,2023-11-25 00:00:00,856,-0.07802188531275418,1,-0.10010857218893858,0,0.08463857927578652,1,-0.21542082838393087,1
0,2023-11-26 00:00:00,1007,-0.06444702122509685,0,-0.1287190850104468,0,0.0309657285340501,1,-0.2197728173747489,1
0,2023-11-27 00:00:00,936,-0.04569932958509728,1,-0.10555708421528796,6,0.03196377802996152,3,-0.1734078775555374,2
0,2023-11-28 00:00:00,725,-0.05054914506758631,1,-0.08135263383207046,2,0.09193013179416215,5,-0.11738978972305822,2
0,2023-11-29 00:00:00,1012,-0.01946132003073461,2,-0.04192363709605705,3,0.09751310075409149,1,-0.1551496944542656,0
0,2023-11-30 00:00:00,994,-0.036098926723982454,3,-0.05392533204203042,2,0.0887936695270255,1,-0.16410582816177688,0
0,2023-12-01 00:00:00,1001,-0.050411436841375924,1,-0.06660031719743266,1,0.07474946372511,1,-0.17726307277399714,0
0,2023-12-02 00:00:00,933,-0.09647629868379778,2,-0.11106785454780256,3,0.02872644788819124,0,-0.2038869011259406,1
0,2023-12-03 00:00:00,923,-0.0860892865303941,0,-0.10915285292288339,2,0.02112905795413592,1,-0.19609876303586044,0
0,2023-12-04 00:00:00,879,-0.07809481935109135,0,-0.10459873607682722,5,0.04871713650056113,0,-0.16281364104537902,1
0,2023-12-05 00:00:00,871,-0.09719583466472752,0,-0.12002407445290501,3,0.05848081891422924,3,-0.16142083554584258,0
0,2023-12-06 00:00:00,700,-0.07688200803769049,0,-0.11921368833737016,4,0.0491469471290258,0,-0.13833988380008097,1
0,2023-12-07 00:00:00,761,-0.11738124886913745,0,-0.18379822111366043,2,0.04103085225594531,3,-0.14351701759171992,1
0,2023-12-08 00:00:00,762,-0.06786007696888331,0,-0.11116100903035939,0,0.04349324857403769,2,-0.17368015644237278,0
0,2023-12-14 00:00:00,837,-0.0785667083525543,2,-0.10352915006982448,0,0.03269787139471905,2,-0.162473700586548,0
0,2023-12-15 00:00:00,978,-0.07233940141187405,2,-0.09817062667780448,0,0.04907843486653784,2,-0.195456093651963,3
0,2023-12-16 00:00:00,770,-0.05176427278569801,1,-0.10641019520359615,1,0.03801021601438014,2,-0.3381715783382398,0
0,2023-12-17 00:00:00,177,-0.0964904278198104,0,-0.09956361586795955,1,0.06873129334912095,1,-0.2173229801600954,0
0,2023-12-18 00:00:00,873,-0.04607634082227465,5,-0.04970101099891018,1,0.1039802127884369,0,-0.1490009685460598,0
0,2023-12-19 00:00:00,912,-0.0807307279117476,1,-0.10177032559002427,1,0.027697869172157195,1,-0.20530784483207432,0
0,2023-12-20 00:00:00,958,-0.05115503400642242,3,-0.06391512173735849,0,0.07467649070043847,2,-0.16013372995037042,0
0,2023-12-21 00:00:00,869,-0.10966553895302025,2,-0.11979268423867931,2,0.04558219731423156,3,-0.21751738094034112,2
0,2023-12-22 00:00:00,1032,0.09349955836726581,0,0.07116670611782311,2,0.2234388749208156,0,-0.03126799928160708,0
0,2023-12-23 00:00:00,1031,0.23754820073642963,0,0.218131491766305,1,0.3660675270411923,1,0.06766144170560379,0
0,2023-12-24 00:00:00,1018,0.26140939330654017,1,0.2166736666017584,0,0.369592425596948,0,0.07858888787893517,0
0,2023-12-25 00:00:00,912,0.2661458273869223,0,0.23906706046713583,13,0.37677435935590703,3,0.1172010436193506,1
0,2023-12-26 00:00:00,828,0.2719822688872659,2,0.2538157003298964,5,0.3737648385885049,1,0.09694537805192018,0
0,2023-12-27 00:00:00,555,0.24333638593582485,1,0.2351712103952232,1,0.3177497082075007,0,-0.14568362969000476,0
0,2023-12-28 00:00:00,787,0.28076015722942416,0,0.2552986119359341,0,0.3743974601310344,0,0.05049333336898843,0
0,2023-12-29 00:00:00,973,0.2599384443668258,0,0.21130599116799903,0,0.35730596201094067,1,0.10387766304133358,3
0,2023-12-30 00:00:00,917,0.29248227018620987,0,0.24274608084932375,1,0.38760809629799614,1,0.16264066695689203,6
0,2023-12-31 00:00:00,567,0.26845970368206895,2,0.13100309675108748,2,0.350206381632483,3,-0.14887433572720493,0
0,2024-01-01 00:00:00,776,0.2537919539694135,1,0.10397785032924092,5,0.2731574960724176,0,-0.14960372307508327,0
0,2024-01-02 00:00:00,691,0.21671674290735987,2,0.13285166491592398,7,0.35622386666650346,6,0.149359128884286,1
0,2024-01-03 00:00:00,917,0.29721851447226316,0,0.22244297567797988,1,0.3677400218405734,0,0.10135829778019458,0
0,2024-01-04 00:00:00,856,0.2810365364193735,2,0.2397705366602603,4,0.39119102031821895,2,0.14621483685939488,6
0,2024-01-05 00:00:00,865,0.24259292227545862,2,0.2144336160442841,3,0.4155590144218828,4,0.16745686143636798,0
0,2024-01-06 00:00:00,1006,0.2769580354067191,6,0.26011801623114444,1,0.42711520875369813,2,0.18951397921344793,1
0,2024-01-07 00:00:00,876,0.28874394659145486,1,0.25267719367573044,6,0.4022516718675904,1,0.10556171032031096,0
0,2024-01-08 00:00:00,661,0.3028285094150746,1,0.2763386617610198,6,0.4075694877517648,2,-0.0017471585660484524,0
0,2024-01-09 00:00:00,707,0.2613508462399259,2,0.19761752494213647,1,0.36231524969760515,1,-0.031569074032678765,0
0,2024-01-10 00:00:00,744,0.28748943635949187,2,0.2611330147977197,1,0.41413097331577725,0,0.12053239677187809,1
0,2024-01-11 00:00:00,780,0.2334327849888268,5,0.10142703616384414,3,0.34562945788352845,12,0.06604655050571333,0
0,2024-01-12 00:00:00,829,0.26478799002820735,3,0.2377443192937816,16,0.3969729788671572,33,0.1793938039033207,1
0,2024-01-13 00:00:00,720,0.26711736088950994,2,0.2712499980798231,2,0.19096055909745033,2,-0.2217573423407858,1
0,2024-01-14 00:00:00,355,0.2634344511682482,0,0.2040682031644086,4,0.18990073410071404,1,-0.28970765303784185,0
0,2024-01-15 00:00:00,443,0.2536930064157793,0,0.24690390340743762,2,0.16845709380198315,1,-0.43731594378565614,1
0,2024-01-16 00:00:00,170,0.2995457725506847,0,0.33869099680937353,1,0.14578873048497368,0,-0.2359878674823085,1
0,2024-01-17 00:00:00,50,0.28111337073715104,0,0.19002351493392794,1,0.3852964640373429,1,0.001410571402964653,0
0,2024-01-18 00:00:00,56,0.24859993540834385,2,0.1826316651310443,0,0.352948179293684,1,0.02666098718666467,0
0,2024-01-19 00:00:00,63,0.20130526918358424,0,0.15397435459261363,4,0.3067579905195489,0,0.04413594879171797,0
0,2024-01-20 00:00:00,19,0.23338142905623654,0,0.2922589883385157,0,0.38244999240081895,0,-0.0032449432034161165,0
0,2024-01-21 00:00:00,9,0.25330723157870155,0,0.1484664644861267,0,0.37133402698926454,0,-0.0731774210798424,0
0,2024-01-22 00:00:00,50,0.2745236124678542,2,0.17026584686032972,1,0.27498189895712005,1,-0.2301724274479501,0
0,2024-01-23 00:00:00,95,0.2700016257306369,2,0.19333249016427276,1,0.3526026867733343,0,0.1209645985427241,0
0,2024-01-24 00:00:00,35,0.2753591622248497,0,0.26101773319060856,1,0.44168454197017437,1,0.19496595911645495,0
0,2024-01-25 00:00:00,152,0.07480214753951242,4,-0.09068059887100169,2,0.21475348667026606,2,-0.1346515790955937,1
0,2024-01-26 00:00:00,22,0.15364240577939345,0,0.039304176525683715,0,0.3014359265373179,0,-0.08349877759501757,0
0,2024-01-27 00:00:00,36,0.28727122308985636,0,0.27044040651869644,1,0.44641366118596437,0,0.1067941275766712,0
0,2024-01-28 00:00:00,24,0.1754561916157112,0,0.18612551851620143,0,0.4216694085078444,1,0.06076394099946102,0
0,2024-01-29 00:00:00,66,0.25446649581041986,0,0.20856476512437802,1,0.40534646406823605,0,0.13889071467130729,2
0,2024-01-30 00:00:00,72,0.2257195626229164,0,0.2066135980156055,1,0.3256600747238857,0,0.13242610957307804,1
0,2024-01-31 00:00:00,33,0.2604934932632338,0,0.18021216922079983,1,0.3560961003369188,0,0.005585890733825486,0
0,2024-02-01 00:00:00,52,0.20060374587117574,0,0.14849963694353005,0,0.39566183060536353,1,0.05674721426298268,0
0,2024-02-02 00:00:00,34,0.2233381198587689,0,0.17576584016467134,1,0.2684985943496476,0,-0.12233062969814013,0
0,2024-02-03 00:00:00,39,0.32819466038239864,0,0.3689364811005275,0,0.15613661171027107,0,-0.34521284478466274,1
0,2024-02-04 00:00:00,5,0.24977909084696717,0,0.28921400026712013,0,0.17769444159212053,0,-0.4421830937504449,0
0,2024-02-05 00:00:00,48,0.25797230917291214,0,0.20605130354776666,0,0.29635511399393866,1,-0.14437592098825014,1
0,2024-02-06 00:00:00,36,0.21898077647766906,0,0.14252227184451025,0,0.3530121882160964,0,-0.060922946382485396,0
0,2024-02-07 00:00:00,35,0.2450117420794659,0,0.15442448057825536,0,0.33418079997319444,0,0.019440156897869952,0
0,2024-02-08 00:00:00,51,0.25744761759646223,0,0.20292586082517336,0,0.4101017503188156,2,0.07540452902698487,0
0,2024-02-09 00:00:00,37,0.22739436393550522,0,0.21103314874395412,0,0.3411350345094046,0,0.07777440145457368,0
0,2024-02-10 00:00:00,22,0.18279540343064285,0,0.06007343362875677,0,0.3336906772794256,0,0.15203026704720224,2
0,2024-02-11 00:00:00,9,0.28879009264591426,1,0.26381780368475943,1,0.3786367214015154,0,-0.007463664048585324,1
0,2024-02-12 00:00:00,21,0.24177427091179085,0,0.21932612120399955,0,0.4186440296965832,1,0.09565812196006203,0
0,2024-02-13 00:00:00,68,0.15887651010319584,0,0.11117731734413654,2,0.3392209694608933,0,0.1297918621870816,0
0,2024-02-14 00:00:00,201,0.25186795165448256,1,0.235219083379375,1,0.37942242519805364,0,0.27433195409090033,2
0,2024-02-15 00:00:00,85,0.27748004819559763,0,0.29661742040604866,0,0.4210332645511726,1,0.27274446956311865,0
0,2024-02-16 00:00:00,31,0.19960757029401824,0,0.2357651681664063,1,0.35641626358557255,0,-0.1054263026606834,0
0,2024-02-17 00:00:00,14,0.27719666202285553,0,0.2669816342078739,0,0.4280492547228097,0,-0.1066650367467846,0
0,2024-02-18 00:00:00,15,0.17339231530656699,0,-0.008926750766363211,0,0.32729304380312363,0,0.08002562580141516,0
0,2024-02-19 00:00:00,76,0.18953010405341988,0,0.11314744792790772,0,0.33936246042522583,1,0.20053007212044463,0
0,2024-02-20 00:00:00,109,0.2827951020080702,0,0.21946739833056858,1,0.44684073441461836,1,0.24624152272345423,1
0,2024-02-21 00:00:00,65,0.2243178174704,0,0.19870192489397542,0,0.37800163882151183,0,0.09690719208569593,1
0,2024-02-22 00:00:00,40,0.2553124281638154,0,0.1931765210152284,0,0.3974908667572556,1,0.09145326998391669,0
0,2024-02-23 00:00:00,30,0.29604386258053134,0,0.25591555741042127,0,0.21465675206187876,1,-0.1949077690802405,0
0,2024-02-24 00:00:00,19,0.2707941033147567,0,0.16881649550649466,0,0.30037459466132915,0,-0.06618406865661475,0
0,2024-02-25 00:00:00,16,0.22840294657654933,0,0.18960257431189287,0,0.2769953119577324,1,9.810361935439533e-05,0
0,2024-02-26 00:00:00,15,0.2252892338590468,0,0.09322915866174862,0,0.40511119196065243,0,-0.06604231181278142,0
0,2024-02-27 00:00:00,73,0.1518988380625368,0,-0.02899074470333917,1,0.3066677286484198,1,0.10802216755777697,0
0,2024-02-28 00:00:00,59,0.1921512172290031,0,0.01904850120632471,0,0.28588875759596877,0,0.10750116468089993,0
0,2024-02-29 00:00:00,51,0.19908756126744875,1,0.14521315876979723,1,0.3658568891836931,0,0.11088783064534774,0
0,2024-03-01 00:00:00,58,0.2372627582157739,0,0.1940539813459145,3,0.3583551364711501,1,-0.07917835076244663,0
0,2024-03-02 00:00:00,31,0.08117287547399413,0,0.06179081013562236,0,0.2618330086391228,0,-0.3034202141411561,0
0,2024-03-03 00:00:00,13,0.18359854538490356,0,0.02848095727294326,1,0.23017428994618871,0,-0.0208384072854224,0
0,2024-03-04 00:00:00,210,0.2824455213211165,0,0.27582385852413155,1,0.4184212519515417,1,0.07879285363541193,1
0,2024-03-05 00:00:00,1157,0.27714204036450446,6,0.2387456505889679,3,0.3877673486941542,0,0.07799154311246533,1
0,2024-03-06 00:00:00,1065,0.2274589745755947,0,0.21579914078383441,5,0.3668046193718943,0,0.06622857344086187,0
0,2024-03-07 00:00:00,911,0.24944127555875822,1,0.2360707792781877,1,0.3933870121118318,0,0.09884348062591646,0
